Pub No.,Pub Name,Date,Compliance,Title Description
SEB-24-06,Electrical Power - Alternator Control Unit (ACU) ,07/08/2024,24,Optional,Electrical Power - Alternator Control Unit (ACU) And Connector Obsolescence      ,
SEL-61-01,Propeller - Propeller Governor Inspection In Acco,11/16/2018,61,Mandatory,Propeller - Propeller Governor Inspection In Accordance with McCauley ASB273,
SEL-99-01,Incremental Library Updates For Cesview,01/29/2016,,Informational,Incremental Library Updates For Cesview,
SEL-29-01-R01,Hydraulic Power Pack Inspection,10/03/2012,,Mandatory,Hydraulic Power Pack Inspection,
SNL11-29,Cessna Service Document Change Notification,11/22/2011,,Informational,Cessna Service Document Change Notification,
SNL06-17,New ELT Placards,12/18/2006,11,Informational,The purpose of this Service Newsletter is to provide notification that new ELT placards are available. The new placards have been updated to state the current FAA regulation  for servicing the ELT.  FAA Regulation 91.52 no longer exists, and has been superseded by 14 CFR Part 91.207.,
SEB06-2,Engine Crankshaft Retirement,03/27/2006,72,Mandatory,Service Bulletin SEB06-2 has been issued to transmit Lycoming Mandatory Service Bulletin No. 569: Crankshaft Retirement For Certain Lycoming Engines.  According to Lycoming; Lycoming has continued to analyze crankshafts in service. While there have been no failures in the crankshafts, which are the subject of Lycoming Mandatory Service Bulletin No. 569, as part of Lycomings' commitment to quality, they are initiating a crankshaft retirement program. This crankshaft retirement program requires the removal of the subject crankshafts when the crankcase is separated or at overhaul, whichever occurs first, not to exceed February 21, 2009.,
SEB05-6,Vacuum Pump Inspection/Replacement,10/31/2005,37,Mandatory,To transmit Tempest Mandatory Service Bulletin Number SB-003: Vacuum Pump Replacement.,
SEB99-13,Oxygen Gage Support Modification,09/13/1999,35,Optional,To Announce Availability Of A Service Kit For Oxygen Gage,
SEB92-21R1,Lycoming Proc. To Determine Exhaust Valve & Guide,06/01/1999,72,Mandatory,Transmit Textron Lycoming Mandatory Service Bulletin 388B,
SNL98-12,Year 2000 Calendar Preparation,12/21/1998,,Informational,Year 2000 Calendar Preparation,
SNL98-07,Approved Nondestructive Testing Facilities,06/29/1998,05,Informational,This Service Newsletter Supersedes SNL95-8,
SEB98-01,Magneto Distributor Gear Maintenance,02/02/1998,74,Mandatory,Transmit Textron Lycoming Mandatory Service Bulletin No. 528,
SEB96-15,S51-10 Hose Inspection/replacement,10/18/1996,28,Mandatory,S51-10 Hose Shipped From CPD 3/28/95-6/28/96 May Deteriorate,
SEB96-10,Vacuum Hose Replacement,06/07/1996,37,Mandatory,Remove Vacuum Hoses Fabricated From S2501 Material,
SEB96-02,Seat Belt & Shoulder Harness Connection Inspec.,03/29/1996,25,Mandatory,To Obtain Proper Shoulder Harness/seat Belt Connection,
AQK182-017,Firewall Forward Engine Hose Kit,07/13/1995,,Not Applicable,Firewall Forward Engine Hose Kit ,
SEB95-06,Engine Rubber Fuel Hose Inspection & Replacement,03/24/1995,73,Mandatory,Replace Aeropquip 601 Type Hose With Teflon Type Fuel Hose,
SEB94-07R1,Dukes Auxiliary Fuel Boost Pump Overhaul Interval,11/23/1994,28,Mandatory,Revise Compliance Section Per Dukes Mandatory Bull. 0003,
SEB94-15,Fuel Quantity Gauge And Transmitter Replacement,07/15/1994,28,Recommended,Replace Stewart Warner Components With Rochester Components,
SEB94-18,Improved Retaining Method For Carburetor Mixture ,07/15/1994,76,Mandatory,Transmit Precision Airmotive Corp. Mandatory Bulletin MSA-6,
SNL94-04,Cessna Service Information For Propeller Models,04/29/1994,98,Informational,Types Of Service Information Being Issued By Cessna,
SE84-16R2,Fuel Filler Diameter Mod & External Turbo Placard,09/04/1992,28,Recommended,This Service Letter Is Superseded By SEB92-27,
SNL91-05,Temporary Revisions To Maintenance Manuals & Part,12/13/1991,98,Informational,Temporary Revisions For Paper & Aerofiche In Paper Form Only,
SEB88-01,Upper Strut Cuff Seal Installation,02/26/1988,57,Recommended,Install Seal At Intersection Of Strut And Upper Strut Cuff,
SEB86-05R1,Special 'Seat Locked & Fuel Contamination' Warn,08/28/1987,11,Mandatory,Placards Sent To All Registered Owners,
SEB86-09R1,Avco Lycoming Engine Rocker Arm Inspection/Rework,05/15/1987,72,Mandatory,Avco Lycoming Service Bulletin No. 477A,
SNL87-09,Avionics Warranty Registration,03/06/1987,98,Informational,Procedures For Activating Avionics Warranty,
SNL85-58,Use Of Overhauled/Reconditioned Dry Vacuum Pump,12/20/1985,37,Informational,Airborne Service Letter No. 29 Attached,
SNL85-39,Magneto 'P' Lead Nut Torque,08/23/1985,74,Informational,Applies To Aircraft With Slick Magnetos Only,
SNL85-08,Oil Leak Troubleshooting Maintenance Tip,02/15/1985,79,Informational,Use Of Dye Penetrant Developer,
SE84-23,Low Vacuum Warning Light Installation,12/14/1984,37,Optional,Automatically Illuminates When Suction Drops,
SE84-02,Maint Procedures To Reduce Valve Sticking In Lyc,01/06/1984,72,Recommended,Lycoming Service Instruction 1425,
SE83-07,Avionics Cooling Fan Improvement,03/11/1983,23,Recommended,Improved Squirrel Cage Type Fan/Improved Service Life,
SE82-37R1,Nose Gear Steering Pivot Bolts,12/23/1982,32,Mandatory,Revised Instructions For Correcting Loose Pivot Bolts,
SE82-33,Warning Against Use Of Automotive Gasoline,07/23/1982,28,Recommended,All SE A/C Originally Certified For Operation w/100 Octane,
SE82-07,Improved Prop Control Brackets,02/15/1982,76,See Publication,Improves Alignment/Adjustment And Extends Service Life,
SE81-15,Aircraft Checklist Change,04/20/1981,04,See Publication,Revised Info On Operation Of A/C With Cessna Air Condition.,
SE81-07,Throttle / Turbocharger Wastegate Control Improve,03/16/1981,76,See Publication,Improved Linkage Assembly For Smoother Throttle Operation,
SE80-58,Improved Window And Windshield Sealer,05/27/1980,56,See Publication,Improved Sealer (Isocryl 5603) Now Being Used,
SE80-54,Pilot's Operating Handbook Revision,05/12/1980,04,See Publication,Updated Information,
SE79-48R1,Magneto Housing Inspect. & Coil Retention (D2000),01/21/1980,74,See Publication,Lycoming Service Bulletin #438A/Bendix #605A Attached,
SE79-55,Prop Governor Control Mounting Bracket,11/19/1979,76,See Publication,New Bracket Provides Increased Adjustment Capabilities,
SE79-33,Fuel 'Off Loaded' Level Indicator,07/02/1979,28,See Publication,Indicator In Filler Neck To Be Inspected For Correct Length,
SE79-30,Use Of Fuel Additives For Cold Weather Operation,06/18/1979,28,See Publication,Cold Weather Operation Procedures Attached,
SE78-50,Dual Stall/gear Warning Unit,08/07/1978,27,See Publication,Announces New Unit To Prevent False Signals,
SNL77-10,Cessna Regulator And Alternator Field Tester,11/18/1977,24,Informational,P/N 9870000-1 Text Box Available,
SEB-28-04R1,Fuel - Placard Installation for Use of Very Low L,10/19/2021,,Optional,Fuel - Placard Installation for Use of Very Low Lead and Unleaded Aviation Fuel,
SEB11-2,Main Landing Gear Steel Pivot Assembly Inspection,04/26/2011,,Recommended,Main Landing Gear Steel Pivot Assembly Inspection,
SEB01-2R2,SEB01-2 Rev.2, Main Landing Gear Actuator Inspect,06/04/2007,32,Mandatory,To remove all model 182R and T182 airplane serial numbers from the Effectivity section.  Also, to remove model 210 airplane serial numbers 57001 through 21057840, 616, & 618 from the Effectivity section.  To add additional actuator assembly part numbers to the Material section and miscellaneous changes as required.,
SEB06-2R1,Engine Crankshaft Retirement,05/08/2006,71,Mandatory,SEB06-2 Revision 1 has been issued to transmit Lycoming Mandatory Service Bulletin No. 569A: Crankshaft Retirement For Certain Lycoming Engines. According to Lycoming; Lycoming has continued to analyze crankshafts in service. While there have been no failures in the crankshafts, which are the subject of Lycoming Mandatory Service Bulletin No. 569A, as part of Lycomings' commitment to quality, they are initiating a crankshaft retirement program. This crankshaft retirement program requires the removal of the subject crankshafts when the crankcase is separated or at overhaul, whichever occurs first, not to exceed February 21, 2009.
,
SEB03-1,Elevator Rivet Installation,01/20/2003,27,Mandatory,To enhance the service life of the elevators by increasing the size of eight rivets and installing four additional rivets in the outboard elevator rib.,
SEB02-2,Flammable Fluid Lines Inspection,02/18/2002,,Mandatory,Inspection of all flammable fluid carrying hoses/lines and oxygen lines in the cabin is required.,
SEB99-18R1,Fuel Quantity Indicating System Inspection,04/30/2001,28,Mandatory,To Verify Gauge Reads Empty When Tanks Are Empty,
AQK182-013,Firewall Forward Engine Hose Kit,05/05/2000,,Not Applicable,Firewall Forward Engine Hose Kit (for aircraft without SK182-67),
AQK182-012,Firewall Forward Engine Hose Kit,05/05/2000,,Not Applicable,Firewall Forward Engine Hose Kit (for aircraft without SK182-67),
SNL00-02,Service Publications Temporary Revision Changes,01/17/2000,98,Informational,To announce changes for temporary revisions,
SNL99-12,Cablecraft Engine Control Cable Friction Cone,11/15/1999,76,Informational,Prevents Slippage After Friction Lock Has Been Applied,
SEB99-01R1,Engine Piston Pin Plug Wear Inspection,04/05/1999,71,Recommended,Transmits Several Textron Lycoming Service Issues,
SNL98-08R1,Revised Maintenance Practices - Hazardous Air,11/02/1998,20,Informational,Replace Pages 1 And 2 Of SNL98-8,
SEB95-20,Nose Landing Gear Actuator Downlock Pin Inspect,12/29/1995,32,Recommended,Determine The Security Of The Actuator Downlock Pins,
SNL95-03R1,Engine Connecting Rod Bolt Inspection,03/31/1995,72,Informational,Revise Affected Models To Include 172RG Model Airplanes,
SNL94-08,New Cessna Service Station Directory,07/01/1994,98,Informational,Announces P/N D7467-13 Directory (Dated May 1994),
SEB94-13,Lycoming Engine Shroud Tube Retaining Spring,07/01/1994,72,Mandatory,Transmit Textron Lycoming Mandatory Service Bulletin No. 519,
SNL93-03,Cabin Skin Panel Corrosion Inspection And Repair,06/25/1993,53,Informational,Repair Corrosion Damage Under Vibration Damping Material,
SEB92-27,Reduced Dia Vented Fuel Cap Instl & Turbo Placard,09/04/1992,28,Mandatory,This Bulletin Supersedes SE77-6/-6 Rev.1, SE84-16/-16 Rev.1,
SEB92-28,Seat Belt And Shoulder Harness Installation,09/04/1992,25,Mandatory,Provide Metal-to-metal Connection Type Assemblies,
SEB89-02R2,Pilot Seat Secondary Stop Installation,09/04/1992,25,Mandatory,Superseded by SEB07-5R06,
SEB92-7-R01,Turbocharger Oil Check Valve Replacement,05/29/1992,,Mandatory,Turbocharger Oil Check Valve Replacement,
SNL90-06,Champion Oil Filter Recall,09/21/1990,79,Informational,Review TCM Service Bulletin M90-14 And Champion Alert 90-1,
SNL89-19,Cessna Customer Care Supplies And Pubs Catalog,12/08/1989,98,Informational,P/N D7407-13 (1990) Now Available - (supersedes SNL88-15),
SNL88-12,Importance of Pilot Seat Security, Inspec & Maint,08/05/1988,25,Informational,Stresses The Importance Of Inspection And Maintenance,
PNL87-14,S2275 Series Seat Belts,10/12/1987,,Not Applicable,S2275 Series Seat Belts,
SNL87-10,Cessna Propeller Aircraft Technical Support,03/13/1987,98,Informational,Announces Extensive Network Of People/facilities & Resources,
SEB86-01R1,Downstop Pad Improvement,05/16/1986,32,Optional,Incorporates Solid Metal Downstop Pad For Improved Serv Life,
SNL85-54,Revised O/H-replacement Req. For Hydraulic System,11/27/1985,29,Informational,Specific Items Revised To 'on Condition' Overhaul Interval,
SNL85-51,New Cessna Aircraft Condition Report Form,11/15/1985,98,Informational,P/N D5537-13 Form (P/N D5537-1-13 Available 1-1-89),
SNL85-34,Proper Engine Break-in Procedure,08/09/1985,72,Informational,TCM Bulletin M81-5, Lycoming Service Instruction 1427A,
NL84-18,Slick Magneto Servicing Interval,10/26/1984,74,Informational,100 Hour And 500 Hour Service Requirements,
SE84-04,Rubber Fuel Cell Inspection,02/03/1984,28,See Publication,Check For Wrinkles Or Folds,
SE82-34,Flush Fuel Cap Sealing Test Procedure,07/23/1982,28,Recommended,Identify And Isolate Areas Of Leakage/ensure Proper Sealing,
SE82-29,Pilot's Operating Handbook Revision,07/09/1982,04,Mandatory,To Correct Stall Speed Charts Shown In Section 5,
SE81-14,Dorne And Margolin Emergency Locator Transmitter ,04/20/1981,98,See Publication,Coaxial Cable Connecting ELT To Antenna Correctly Installed,
SE80-92,Fuel Pressure Gauge Change,11/03/1980,77,See Publication,Combination Fuel Pressure/Manifold Pressure Gauge,
SE80-65,Rudder Stop Clip Inspection,06/16/1980,27,See Publication,Improved Corrosion Protection And Extended Service Life,
SE80-25,Oil Level Dipstick Replacement Kit,03/10/1980,79,See Publication,Lycoming S.I. Number 1379 Announces LW-16517 Kit,
SE80-15,Wing Leading Edge Root Rib Sealing,02/04/1980,57,See Publication,Provide Maximum Cabin Comfort During Cold Weather Operation,
SE80-09,R182 Exhaust System,01/28/1980,78,See Publication,Improved Components To Increase Service Life,
SE78-33,Oil Cooler Hose Replacement,05/29/1978,79,See Publication,Install New Hose And Fitting For Improved Service Life,
SEL-71-24,Powerplant - Transmital of Lycoming SB No. 667 A,03/20/2026,71,Mandatory,Powerplant - Transmittal of Lycoming Service  Bulletin No. 667 Rev A,
SEL-99-02,Miscellaneous - Installation Of The Cessna And Be,01/27/2025,99,Informational,Miscellaneous - Installation Of The Cessna And Beechcraft Variant Part Numbers ,
SEL-28-10,Fuel - Fuel Strainer Bowl Inspection,01/05/2023,28,Mandatory,Fuel - Fuel Strainer Bowl Inspection,
SNL11-8,Engine Inspection in Particulate-Laden Environmen,04/26/2011,,Not Applicable,Engine Inspection in Particulate-Laden Environments (Volcanis Ash, Sand, Dust, Airborne Debris),
SEB00-5-R03,Cleveland Wheels and Brakes Installation,10/26/2009,,Recommended,Cleveland Wheels and Brakes Installation,
SEB09-4,Carburetor Float Replacement - Lycoming Engine Ai,04/27/2009,,Mandatory,Carburetor Float Replacement - Lycoming Engine Airplanes,
SEB08-5,Alternate Static Source Selector Valve Inspection,10/13/2008,,Mandatory,Alternate Static Source Selector Valve Inspection,
SNL06-9,Approval of Diethylene Glycol Monomethyl Fuel Add,04/24/2006,,Informational,The purpose of this Service Newsletter is to provide notification that the use of DIEGME or DEGMME fuel additive is an acceptable substitute for the affected airplanes that have previously been approved for the use of EGME fuel additive.,
SEB01-6,Ignition Switch Center Ground Terminal Inspection,06/25/2001,74,Recommended,Inspect Ignit. Switch Board And Replace If Required,
SNL00-14,Cessna Service Information For Propeller Models,12/26/2000,98,Optional,To Provide Description Of Service Information Offered,
SEB00-7,Vacuum System Air Filter Element Inspect/Replace,09/11/2000,37,Mandatory,Inspection For Airborne Air Filter Element Spec. In Bulletin,
SNL00-11,Approved Nondestructive Testing Facilities (NDT),08/28/2000,05,Informational,To Provide A Listing Of Ndt Facilities,
AQK182-014A,Firewall Forward Engine Hose Kit,05/05/2000,,Not Applicable,Firewall Forward Engine Hose Kit (for aircraft with SK182-67),
SNL98-08,Revised Maintenance Practices - Hazardous Air,07/20/1998,20,Informational,Refer To Federal Register, 40 Code Of Fed. Reg. Part 63,
SNL98-03,Cessna Customer Care Supplies And Pubs Catalog,04/27/1998,98,Informational,1998 Cessna Customer Care Sup. & Pubs. Catalog (D7512-13),
SEB92-11R1,Textron Lycoming Mandatory Replace of Parts,11/03/1997,72,Mandatory,Transmit Textron Lycoming Mandatory Service Bulletin 240N,
SEB95-19,Lower Forward Doorpost And Strut Fitting Inspect,12/29/1995,52,Mandatory,Inspect For Cracks In Lower Area Of Forward Cabin Doorposts,
SNL95-10,Cessna Customer Care Supplies And Pubs Catalog,12/29/1995,98,Informational,1996 Cessna Customer Care Supp. & Pubs. Catalog (D7480-13),
SNL95-09,FAA Apv'd Supp Type Cert (STC's) & FAA-PMA Apv'd,11/17/1995,98,Informational,FAA Responsible For Aftermarket STC & PMA Components,
SNL95-08,Approved Nondestructive Testing Facilities,09/01/1995,20,Informational,Cessna Certified Nondestructive Testing Facilities,
SNL94-13,Revised Progressive Care & Continuous Inspec.,12/30/1994,05,Informational,Revision 4 Plus Information For Developing Insp. Programs,
SEB94-06R1,Dukes Auxiliary Fuel Boost Pump Vane Replacement,11/23/1994,28,Mandatory,Revise Compliance Section Per Dukes Mandatory Bull. 0001,
SEB93-20,Insp. Of Lyc. Eng. Connect. Rods For Fretting,12/23/1993,72,Mandatory,Transmit Textron Lycoming Mandatory Service Bulletin 439A,
SEB87-07,Propeller Governor Pilot Spool Fitting & Flyweigh,08/28/1987,61,Recommended,Improved Prop Gov Pilot Spool End Fitting-replace Flyweights,
SNL86-44,Flight Control Surface Balancing Information,09/12/1986,27,Informational,Supplemental Info & Detailed Info On Use Of Balance Fixture,
SNL85-53,Cessna Pilot Safety And Warning Supplements,11/27/1985,98,Informational,Provides P/N D5099-13 Safety And Warning Supplement,
SNL85-35R1,Use Of Airplane Lights For Daytime Recognition,08/23/1985,33,Informational,FAA Safety Program 'Operation Lights On',
SE84-09R2,Rubber Fuel Cell Drain Valve Relocation,07/05/1985,28,See Publication,Modification To Reduce Fuel Cell Wrinkles Or Folds,
SNL85-24,Alternator/regulator Troubleshooting Maintenance ,05/31/1985,24,Informational,Helps Determine Cause Of Fluctuating Alternator Output,
SNL85-13,Improved Flashing Beacon Bulbs,03/22/1985,33,Informational,New P/N C17312-1 Bulb Available,
SE84-15R1,Shimmy Dampener Installation Improvement,10/05/1984,32,Optional,Provides Thicker Clamp, Larger Locator Pin & Barrel Change,
NL83-24,Jet Glo Polyurethane Exterior Paint,11/11/1983,11,Informational,Ordering And Part Number Information,
SE83-19,95 Amp Alternator Fan And Pulley Replacement,07/29/1983,24,Mandatory,Improved Service Life & Inspect For Proper Strain Relief,
NL83-12,Color Coded Fuel Identification Decals,04/29/1983,11,Informational,S2608-1 Decal Available From Cessna Supply Division,
SE83-05,Air Conditioner Evaporator Drain Modification,03/04/1983,21,Recommended,Prevents Moisture Accumulation In Avionics 'Black Box' Area,
SE82-36,Fuel Contamination,07/30/1982,28,Mandatory,Stresses Importance Of Routine Fuel System Inspec. & Maint.,
SE82-08,Vacuum System Maintenance Procedures,02/22/1982,37,Recommended,To Review Vacuum System Maintenance Procedures,
SE80-91,Carburetor Modification,11/03/1980,73,See Publication,Avco Lycoming Service Instruction No. 1398,
SE80-67,Shimmy Dampener Attach Modification,06/23/1980,32,See Publication,To Strengthen Shimmy Dampener Installation,
SE80-59S1,Sealing Of Flush Type Fuel Caps,06/23/1980,28,See Publication,Installation And Maintenance Procedures,
SE80-61,Pilot's Operating Handbook,06/02/1980,04,See Publication,Concerns Placard Located Forward Of Fuel Tank Filler Caps,
SE79-38,Throttle Control Rod End,08/13/1979,76,See Publication,New Rod End Has Inspection Hole,
SNL78-09,Plastic Envelope For Aircraft Weight And Balance ,12/22/1978,04,Informational,Convenient Place To Keep Important Papers,
SE78-37,Steering Bungee Boot Inspection,06/05/1978,32,See Publication,Inspect For Proper Boot Installation,
SEL-74-08 REV 1, Ignition -Transmittal of Lycoming Service Bu,04/21/2025,74,Mandatory, Ignition -Transmittal of Lycoming Service Bulletin NO. 660 and Champion Aerospace Slick Service Bulletin SB1-24A     REV 1,
SEL-71-07,Powerplant - Transmital of Lycoming SB No. 632A,07/24/2017,71,Mandatory,Powerplant - Transmittal of Lycoming Service  Bulletin No. 632A Identification of Connecting Rods with Non-Conforming Small End Bushings,
SEB11-4-R01,Roller Housing Inspection,01/20/2012,,Recommended,Roller Housing Inspection,
SEB09-6-R01,Electrical Switches Inspection and Replacement,11/23/2009,,Mandatory,Electrical Switches Inspection and Replacement,
SNL06-6,FAA Approved Supplemental Type Certificates ,03/20/2006,,Informational,In response to customer inquiries, Cessna is providing this SNL06-6 to provide guidance to our customers regarding the incorporation of STC's and/or PMA approved parts that have not been evaluated by Cessna. Some examples of modifications and parts that may affect the airplane aerodynamics, gross weight, flying characteristics, structure, systems or performance are: powerplant and propeller changes, add-on wing tip fuel tanks, vortex generators, camera modifications, winglets, oversize tires, etc.,
SEB05-3R1,Engine Crankshaft Replacement,12/12/2005,71,Mandatory,To transmit Lycoming Mandatory Service Bulletin No. 566 Supplement No. 1.,
SEB05-3,Engine Crankshaft Replacement,07/18/2005,71,Mandatory,To transmit Lycoming Mandatory Service Bulletin No. 566; Crankshaft Replacement in Lycoming Engines.,
SEB05-1,Engine Driven Fuel Pump Inspection ,03/07/2005,73,Mandatory,Reported that 2 Lycoming P/N LW-15473 fuel pumps may have been manufactured incorrectly.,
SNL03-10,Handling of Airplane Gyro Instruments,10/27/2003,34,Informational,To transmit gyro handling guidelines set out in Honeywell Service Memo No. 377.,
SEB00-8R2,Engine Oil Filter Converter Plate Gasket Replace,10/13/2003,79,Mandatory,Transmits Supplement No. 1 To Textron Lycoming Msb 543A,
SEB01-5,Engine Driven Fuel Pump Inspection,05/28/2001,73,Mandatory,To Transmit Lycoming Mandatory Service Bulletin No. 548,
AQK182-012A,Firewall Forward Engine Hose Kit,05/05/2000,,Not Applicable,Firewall Forward Engine Hose Kit (for aircraft with SK182-67),
SEB00-2,Teledyne Continental Ignition Systems Magneto,04/24/2000,74,Mandatory,To Transmit Textron Lycoming Service Bulletin No. 541,
SEB99-17,Engine Valve Seat Inspection,11/01/1999,72,Mandatory,Transmits Textron Lycoming Mandatory Service Bulletin 540,
SNL98-11,Year 2000 Readiness Disclosure,12/21/1998,98,Informational,Addresses Readiness Of Year 2000 For Various Systems,
SNL98-10,Cessna Service Information For Propeller Models,09/14/1998,98,Informational,Brief Description Of Service Information Issued By Cessna,
SEB97-02,Magneto Impulse Coupling Spring Replacement,03/24/1997,74,Mandatory,Transmit Textron Lycoming Mandatory Service Bulletin 526,
SEB96-16,Engine Fuel Pump Inspection,10/25/1996,73,Mandatory,Transmit Textron Lycoming Mandatory Service Bulletin # 525A,
SNL96-02,Cessna Prop. Aircraft Product Support Brochure,04/19/1996,98,Informational,Cessna Propeller Aircraft Product Support Brochure D7492-13,
SEB95-04,Lycoming Engine Inspection Of Thermostatic Bypass,03/24/1995,79,Mandatory,Transmit Textron Lycoming Mandatory Service Bulletin 518A,
SEB95-03,Flap Support Inspection & Roller Washer Install.,03/10/1995,27,Recommended,Install Stainless Steel Washers On Each Side Of Fwd. Rollers,
SEB93-17R1,Pitot Heater Operation Warning Placards,12/16/1994,30,Mandatory,Rev. Effectivity Sect. To Include Additional Serial Numbers,
SEB94-17,Engine Oil Temperature Gauge And Sending Unit Rep,07/15/1994,79,Recommended,Replace Stewart Warner Components With Rochester Components,
SEB93-11,Insp & Straighten of Bent Crankshaft Flanges,07/30/1993,72,Mandatory,Transmit Textron Lycoming Mandatory Service Bulletin 201E,
SNL92-08,Cessna Customer Care Supplies And Pubs Catalog,12/31/1992,98,Informational,1993 Cessna Customer Care Supplies And Publications Catalog,
SEB92-29,Ignition Switch Inspection,10/09/1992,74,Mandatory,Transmit TCM Mandatory Service Bulletin No. 636,
SEB92-25,Additional Fuel Tank Drain Valves Installation,09/04/1992,28,Mandatory,Assist in Detection/Removal of Water and/or Fuel Contaminant,
SEB91-05R1,Ignition Switch Lubrication & Starter Contactor,06/14/1991,74,Recommended,Correct Serial Effectivity And Accomplishment Instructions,
SNL85-03R2,A/C Windshield & Window Maintenance Procedure,03/06/1987,56,Informational,Maintenance And Cleaning Procedures For Acrylic Windshields,
SNL86-49,Main Landing Gear Actuator Mount Bolt Security,12/12/1986,32,Informational,Drilled Head Bolt, AN175h22A Is An Approved Alternate,
SNL86-39,Phillips X/C II Multiviscosity Oil,09/05/1986,79,Informational,Phillips X/C II Oil Does Not Qualify To Mil Specification,
SNL86-30,Reminder On Stored Airplane Criteria,07/03/1986,98,Informational,Stresses Significance Of Proper Storage Procedures,
SEB85-02,Fuel Quantity Transmitter Gasket/Sealing Improve,02/08/1985,28,Optional,Improved Fuel Tank Sealing - Wet Wing Aircraft,
SE84-03,Nose Gear Actuator Spring Guide Improvement,01/13/1984,32,Recommended,Provides Steel Spring Guide - Improved Service Life,
SE83-18,Aileron Hinge Pin Inspection - (AD83-22-06),07/29/1983,27,Mandatory,Special One-time Inspection Required,
SE82-25,Side Panel Circuit Breaker Insulation,07/02/1982,39,Recommended,Information Concerning Installation Of Insulator Plate,
SE82-17,Alternator Control Unit,04/30/1982,24,Recommended,Corrective Action If Low Voltage Light Comes On,
SE82-01,Nosewheel Tire Heat Shield,01/18/1982,32,See Publication,To Protect The Nosewheel Tire From Radiant Heat,
SE81-12R1,Three-bladed Propeller Installation,10/12/1981,61,See Publication,Provides Smoother Operation & Additional Prop Ground Clearance,
SE81-13,Fuel Line Inspection,04/20/1981,28,See Publication,One-time Inspection For Possible Chafing Damage,
SE80-16,Turnbuckle Barrel Inspection,02/04/1980,98,See Publication,One-time Visual Inspection For Apparent Cracks,
SE78-44S1,Magneto Rear Bearing Inspection,11/13/1978,74,See Publication,Adds Reims Airplanes And Credit Cutoff Date,
SE78-44,Magneto Rear Bearing Inspection,07/03/1978,74,See Publication,Inspect For Tight Bearing And Replace If Required,
SE78-19,External Power Receptacle Wiring,03/27/1978,24,See Publication,Inspect Battery Contactor Wiring,
SEB-28-04R2,Fuel - Placard Installation for Use of Very Low L,08/09/2023,28,Optional,Fuel - Placard Installation for Use of Very Low Lead and Unleaded Aviation Fuel,
SEB07-5R06,Pilot and Copilot Secondary Seat Stop Install,06/11/2015,,Mandatory,Pilot and Copilot Secondary Seat Stop Installation,
SEL-24-03,Transmittal of HET Service Bulletin No. 053,09/12/2013,,Recommended,Transmittal of HET Service Bulletin No. 053,
SEB11-3,Dual Magneto Attachment Inspection,05/24/2011,,Recommended,Dual Magneto Attachment Inspection,
SNL11-4,Magneto Drop-Off,03/22/2011,,Not Applicable,Magneto Drop-Off,
SNL10-5,Ethanol Based Fuel Not Approved For Use In Cessna,05/18/2010,,Informational,Ethanol Based Fuel Not Approved For Use In Cessna Airplanes,
SEB10-1,Pilot and Copilot Secondary Seat Stop Installatio,03/15/2010,,Mandatory,Pilot and Copilot Secondary Seat Stop Installation - Reel Assembly Inspection,
SEB07-10,Incorrect Cylinder Assy Shipped w/Cylinder Kits,11/19/2007,71,Mandatory,Re-transmitting Lycoming¿s Mandatory Service Bulletin to inspect for installation of incorrect cylinder kits being installed on Cessna airplanes.,
SEB07-9,Gray Tinted Side and Aft Windows Availability,11/05/2007,56,Optional,To announce that gray tinted side and aft cabin windows are available to replace existing windows.,
SEB07-8,Secondary Seat Stop Install - Reel Assy Inspect,09/10/2007,51,Mandatory,It has been determined that some secondary seat stop 505590-401 Reel Assemblies may not always operate correctly and must be replaced as described in this Service Bulletin.  Non-compliance with this Service Bulletin could allow the continued use of an inoperative secondary seat stop reel assembly.,
SEB06-5,Electrical Ground Strap Inspection,09/11/2006,24,Mandatory,It has been determined that some electrical ground straps may not have been manufactured correctly. The ground straps shall be inspected and if necessary, replaced as  described in this Service Bulletin. Non-compliance with this Service Bulletin could allow corrosion to form on the ground strap and adjacent attachment points and potentially affect the performance of the electrical and avionics systems and related components.,
SEB06-1,Gray Tinted Windshield Availability,02/27/2006,,Optional,SEB06-1 has been issued to announce that gray tinted windshields are available to replace existing windshields.,
SEB04-4,Fuel Hose Inspection,09/13/2004,28,Mandatory,To inspect and verify approved fuel hose installed.,
SEB02-3,Dry Vacuum Pump & Coupling Replacement ,02/18/2002,37,Mandatory,To provide replacement time requirements for engine driven dry vacuum pumps, electric standby vacuum pumps and vacuum pump drive couplings.,
SEB95-3R1,Flap Support Inspection & Roller Washer Install.,09/17/2001,,Mandatory,Service experience indicates potential for wearing of the flap supports by the flap rollers.  Inspection of the flap supports & rollers along with modification to install stainless steel washers on each side of the forward rollers shall be accomplished.,
AQK182-013A,Firewall Forward Engine Hose Kit,05/05/2000,,Not Applicable,Firewall Forward Engine Hose Kit (for aircraft with SK182-67),
SNL99-14,Maintenance Practices - Airplane Gyro Instruments,11/15/1999,34,Optional,Gyro Handling Procedures,
SEB98-09,Airborne Vacuum Pump Inspection,11/02/1998,37,Mandatory,Transmit Airborne Air & Fuel Products Service Letter #48,
SEB96-07,AN3-5A Bolt Inspection/replacement,05/10/1996,98,Recommended,Bolts Shipped 8/2/94-4/6/95 Do Not Meet Shear Strength Spec.,
SEB94-09,Inspection Of Riveted Impulse Couplings And Stop ,05/27/1994,74,Mandatory,This Bulletin Supersedes SEB92-6,
SNL93-09,Field Inspection And Repair Of Mccauley Propeller,12/10/1993,61,Informational,Repairs To Obtain Optimum Service Life Of Mccauley Propeller,
SEB93-06,Magneto Impulse Coupling Installation Procedures,06/25/1993,74,Mandatory,Transmit TCM Bulletin M93-10 & TCM Ignition Bulletin No. 639,
SNL92-07,Approval Of Slick 4300 And 6300 Series Magnetos,10/09/1992,74,Informational,Ref. Slick Form L-1058-H, Textron Serv. Instr.1374B Or 1443A,
SEB92-21,Lycoming Proc. To Determine Exhaust Valve & Guide,08/14/1992,,Mandatory,Transmit Textron Lycoming Mandatory Service Bulletin 388B,
SNL92-04,New Cessna Service Directory,07/10/1992,98,Informational,Announces P/N D7437-13 Directory (Dated June 1992),
SNL89-15,Production Change For Aerofiche Publications,09/22/1989,98,Informational,All Future Aerofiche Production Will Be In Negative Format,
SNL89-14,Revised Progressive Care & Continuous Inspection,09/15/1989,05,Informational,Announces P/N D5552-2-13 Operations Manual,
SNL88-06,Revised Progressive Care & Continuous Inspection,03/25/1988,05,Informational,This Publication Superseded By SNL89-14,
SEB87-04,Aileron Hinge Inspection,06/12/1987,27,Recommended,Applies if 0523816-1 Hinges were Installed I/A/W SE84-22,
SNL86-46,Service Bulletin Credit Cutoff Dates,10/24/1986,98,Informational,It Is Imperative To Accomplish S/b Before Cutoff Date,
SNL86-32,Progressive Care Inspection Schedules,07/25/1986,05,Informational,New Progressive Inspection Schedules Now Available,
SNL86-29,Serial Number Requirements For Customer Care,07/03/1986,98,Informational,Claims Require 'Part Off' Serial No. & 'Part On' Serial No.,
SNL86-06R1,Slick Master Service Manual Availability,02/21/1986,98,Informational,Announces New Slick Master Service Manual P/N F-1100,
SEB85-13,Pilot's Operating Handbook Revision #1,06/21/1985,04,Mandatory,Revises Procedures For Sperry 400 DME/Color Weather Radar,
SNL85-17,Induction Air Filter Replacement (AD 84-26-02),03/29/1985,71,Informational,Paper Type Air Filters - Replace Every 500 Hours,
SNL85-01,New Cessna Service Information System,01/18/1985,98,Informational,New Service Bulletin, Service Newsletter & Ssn Categories,
SE83-27,Landing Gear Powerpack Grounding Improvement,09/16/1983,32,See Publication,Improved Grounding For Newer Anodized Powerpack Cases,
NL83-19,Windshield Sealant Kit - Nonpressurized Aircraft,09/02/1983,56,Informational,Contains Sealant, Applicators And Instructions Only (TMK01),
SE82-46,Landing Gear Power Pack Coupling Improvement,12/23/1982,32,Recommended,Improved Motor-to-pump Alignment/extended Service Life,
SE82-44,Propeller Blade Shank Inspection,12/03/1982,61,See Publication,To Assure No Blade Forging 'Folds' Or Fatigue Cracks Present,
SE82-39,Bendix Magneto Impulse Coupling Flyweight Inspect,10/01/1982,74,Mandatory,Inspect Magnetos With Less Than 300 Operating Hours,
SE82-05,Battery Box Drain Tube Inspection,02/01/1982,24,See Publication,To Prevent Possible Leakage Of Electrolyte From Battery Box,
SE81-20,Engine Baffle/oil Cooler Support Inspection,05/11/1981,72,See Publication,Provides Detailed Information,
SE81-08,Fuel System Venting Adjustment,03/23/1981,28,See Publication,Procedures To Check System And Correct Unequal Pressures,
SE80-96R1,Oil Cooler Inspection,01/12/1981,79,See Publication,Stewart Warner Oil Cooler Inspection/replacement,
SE80-87,Fuel Contamination,10/27/1980,28,See Publication,Procedures To Discover, Remove, And/or Prevent Contamination,
SE80-86,Electrical System Improvements,10/20/1980,24,See Publication,Emphasizes Recent Product Improvements,
SE80-59,Sealing Of Flush Type Fuel Caps,06/23/1980,11,See Publication,Fuel Cap Alignment Placard,
SE80-53,Flashing Beacon Bulb,05/12/1980,33,See Publication,Improved Service Life By Repositioning Buld And Socket,
SE80-36,Throttle Control Routing,03/24/1980,76,See Publication,Additional Tie Wrap Has Been Added,
SE79-54,Flap Follow Up Cable Clamp / Fuel Hose Replace,11/05/1979,27,See Publication,Credit Program Extended Until March 1, 1980.,
SE79-42,Manifold Pressure Gauge,08/20/1979,77,See Publication,In-line Snubber Provides Resistance To Fuel Contamination,
SE79-32,Fuel Hose Replacement (Pump To Strainer),06/25/1979,28,See Publication,Metal Braid Hose Replaced By Silicone Rubber Coated Hose,
SE79-06,Engine Control Attachment,04/16/1979,76,See Publication,Improved Attachment For Throttle, Mixture & Prop Controls,
SEL-74-06R1,Ignition-Transmittal of Continental Motors SB19-0,03/24/2020,74,Mandatory,Ignition-Transmittal of Continental Motors SB19-02A, Lycoming SB637, and Champion Aerospace Slick Service Bulletin SB1-19,
SEB06-1R1,Gray Tinted Windshield Availability,05/21/2007,56,Optional,To include additional windshield part numbers and airplane applicability to the Material section.,
SNL06-8,Propeller Blade Leak Troubleshooting Instructions,04/10/2006,61,Informational,The purpose of Service Newsletter SNL06-8 is to provide assistance in identifying and assessing propeller oil leaks and determining the necessary corrective action.,
SEB01-5R1,Engine Driven Fuel Pump Inspection,10/10/2005,73,Mandatory,To transmit Lycoming Mandatory Service Bulletin No. 548A: Diaphgram-Type Fuel Pump Inspection/Replacement.,
SNL04-5,FAA Approved Supplemental Type Certificates ,05/31/2004,,Informational,FAA Approved supplemental type certificates (STC's) and FAA-PMA approved parts,
SNL02-6,Ethanol Based Fuel Not Approved For Use ,09/16/2002,28,Informational,The use of Ethanol based fuels in any Cessna manufactured piston engine powered airplane has not been and continues not to be approved by Cessna.,
SEB99-05,Wing Fuel Tank Vent Check Valve Inspection,04/26/1999,28,Mandatory,Inspect For S2359-1 Check Valve To Ensure Nonobstruction,
SNL98-09R1,New Pilot Safety And Warning Supplements,10/26/1998,11,Informational,Announce New Pilot Safety & Warning Supplement D5139-13,
SEB97-07R1,Stall Warning Ground Modification,11/03/1997,27,Recommended,Re-route, Bond, Check Grd. Connection For Stall Warning Vane,
SNL94-06,Propeller Airplanes Serial Number Listing,05/20/1994,98,Informational,Revised Serial Number Listing Replaces SNL87-26,
SNL93-10,Cessna Customer Care Supplies And Pubs Catalog,12/30/1993,98,Informational,1994 Cessna Customer Care Supplies And Publications Catalog,
SEB92-04,Carburetor Composite Float Replacement,02/28/1992,73,Mandatory,Precision Airmotive Mandatory Service Bulletin MSA-1 Rev. 1,
SNL91-03,New Cessna Sales And Service Directory,07/26/1991,98,Informational,Announces P/N D7427-13 Directory (Dated May 1991),
SNL89-16,Customized Service Bulletin Listing Program,12/29/1989,98,Informational,Provides List Of All S/B's Applicable To Your Airplane,
SNL89-05,Propeller Aircraft Special Tools Catalog,03/31/1989,98,Informational,This Publication Supersedes P/N D5487-13 And P/N D5510-13,
SNL87-07R1,Warranty Policy Clarification - Exchange Parts,10/30/1987,98,Informational,Procedures For Using Exchange Parts As Warranty Replacements,
SEB86-02,Altimeter Inspection And Modification,03/19/1986,34,Mandatory,United Instruments Service Bulletin No. 2,
SNL85-30,Fuel Tank Access Panel Sealant,07/05/1985,28,Informational,Aircraft With Integral Fuel Tanks - Wet Wing Aircraft,
SEB85-08,Standby Vacuum Pump Motor Wire Security,04/19/1985,37,Mandatory,Provides Additional Security Of Motor Input Wire,
SE84-21,Nose Wheel Shimmy Troubleshooting,11/09/1984,32,Optional,Additional Maintenance Tips,
SE83-17,Pilot's Operating Handbook Revision #1,07/08/1983,04,See Publication,Miscellaneous Information,
SE83-10,Oxygen Bottle Bracket Improvement,04/29/1983,35,Optional,Heavier Constructed Bracket/improved Service Life,
SE82-40,Bendix D2000 Series Magneto Distributor Gear Insp,10/08/1982,74,See Publication,Inspection Per Lycoming SB #461 - (AD82-11-05),
SE81-40,Elt Cable Inspection,10/12/1981,39,See Publication,One-time Inspection To Determine Correct Cable Is Installed,
SE80-88,Manifold Pressure System Improvements,10/27/1980,72,Recommended,Relocates The Pickup To The Intake Manifold Plenum,
SE80-77,Combination Fuel Pressure/manifold Pressure Gauge,08/11/1980,77,See Publication,Improves Fuel Pressure Indications,
SE80-70,Alternator Control Unit,06/30/1980,24,See Publication,Utilizes Protective Circuit Less Sensitive To Fluctuations,
SE80-52,Flashing Beacon Power Supply,05/12/1980,33,See Publication,Instructions For Power Supply Testing And Replacement,
NL80-02,Passenger Briefing Cards,02/01/1980,04,Informational,Designed To Assist Part 135 Operators,
SE79-53,Alternator Control Unit Case Sealing,11/05/1979,24,See Publication,Use RTV 162 To Seal Against Possible Moisture Contamination,
SE79-09,Operating Procedures To Reduce Lead Fouling,03/19/1979,71,See Publication,Lycoming Service Letter No. L-192 Attached,
SNL78-07,Pilot's Operating Handbook & FAA Approved Flight ,08/28/1978,04,Informational,Serialized POH Placed In Each New Airplane Starting In 1979,
SEL-71-10,Power Plant - Transmittal Of Continental Motors ,01/26/2021,71,Mandatory,Power Plant - Transmittal Of Continental Motors SB18-04A Replacement Of Flanged Nut,
SEL-25-03R1,Equipment/Furnishings - Pilot and Copilot Seconda,04/28/2015,,Mandatory,Equipment/Furnishings - Pilot and Copilot Secondary Seat Stop Installation - Reel Assembly Inspection,
SEL-20-01R1,Standard Practices - Listing of Nondestructive Te,10/22/2014,,Informational,Standard Practices - Listing of Nondestructive Testing Facilities,
SEB07-6,Elevator Trim Tab Actuator Assy Inspection,08/13/2007,51,Mandatory,One report has been received of sheared groove pins on an elevator trim tab actuator chain sprocket.  It has been determined that the affected elevator trim tab actuators shall have the groove pins replaced and the actuator assembly inspected as described in SEB07-6.  Non-compliance with SEB07-6 could allow the elevator trim tab actuator chain sprocket to come loose.,
SNL06-5,Maintaining Current Service and Operational Info.,03/20/2006,,Informational,The purpose of this Service Newsletter is to inform Cessna Customers of the various options available to assist them in maintaining the currency of publications utilized for maintenance and operation of Cessna Propeller airplanes.
,
SNL05-16,FAA- Approved Deicing Program Update,11/21/2005,30,Informational,To announce FAA Flight Standards Information Bulletin FSAT 05-02: FAA - Approved Deicing Prgram Updated, Winter 2005 - 2006.,
SEB01-2,Main Landing Gear Actuator Inspection,02/19/2001,32,Mandatory,Inspection Of Main Landing Gear Actuator For Cracks,
SEB90-1R3,Main Landing Gear Pivot Inspection,03/15/1999,32,Mandatory,Rev. To Include SK172-151 To Include A New Mod. For Bushings,
SEB97-09,Fuel Strainer Assembly Inspection,11/17/1997,28,Mandatory,Inspect 0756005-2/-8/-9 Shipped From Cessna 12/12/96 & 9/5/97,
SNL97-02,Cessna Customer Care Supplies And Pubs Catalog,03/17/1997,98,Informational,1997 Cessna Customer Care Supp. & Pubs. Catalog (D7501-13),
AQK182-016,Firewall Forward Engine Hose Kit,05/22/1996,,Not Applicable,Firewall Forward Engine Hose Kit ,
SNL95-02,Continued Airworthiness Program,01/20/1995,05,Recommended,Specifies Additional Inspections Which Should Be Performed,
SNL95-01,Cessna Customer Care Supplies And Pubs Catalog,01/20/1995,98,Informational,1995 Cessna Customer Care Supp. & Pubs. Catalog (D7469-13),
SEB94-16,Eng Cylinder Head Temp Gauge & Sending Unit Rep,07/15/1994,77,Recommended,Replace Stewart Warner Components With Rochester Components,
SEB92-06R1,Magneto Impulse Coupling And Stop Pin Inspection,05/27/1994,74,Mandatory,SEB92-6 Is Superseded By Service Bulletin SEB94-9,
SNL93-04,New Cessna Service Station Directory,07/16/1993,98,Informational,Announces P/N D7454-13 Directory (Dated May 1993),
SNL90-13,Cessna Customer Care Supplies And Pubs Catalog,12/21/1990,98,Informational,1991 Cessna Customer Care Supplies And Publications Catalog,
SNL90-05,New Cessna Sales And Service Directory,06/22/1990,98,Informational,Announces P/N D7409-13 Directory (dated May 1990),
SNL87-27,Revision Status Checklist Cards For Technical Pub,11/13/1987,98,Informational,Also Includes Order Form P/N D5573-13,
SEB85-18,Standby Electric Vacuum Pump Installation,11/08/1985,37,Optional,Mod Kits For Installing Electric Driven Standby Vacuum Pump,
SNL85-45,Cessna Owner Advisory Service,10/11/1985,98,Informational,Provides Application Form,
SE84-22,Aileron Hinge Assembly Improvement,11/30/1984,27,Optional,Features A Screw To Secure Hinge Pin In Position,
SE84-19,Instrument Light Dimming Circuit Troubleshooting,10/26/1984,33,Optional,S.E. Aircraft That Use Transistorized Dimming Circuit,
NL84-05,Static Wick Improvement,06/15/1984,23,Informational,Two-piece Design Allows Wick Replace. Without Removing Base,
SE83-29,Oil Leak Source Troubleshooting,10/28/1983,79,Optional,Provides Procedure For Isolating Oil Leaks,
SE83-09R1,Main Gear Downstop Pad Improvement,06/10/1983,32,Optional,Incorporates Improved Bonding Of The Shock Material,
NL82-13,Dorne & Margolin Elt Battery Packs,12/03/1982,34,Informational,Dorne & Margolin Bulletin DM 254 Attached,
SE82-43,Pilot And Copilot Seat Belt Modification,11/05/1982,25,See Publication,Special Shortener To Prevent Inadvertent Loosening Of Belt,
NL82-09,Vacuum Distribution System Troubleshooting,05/21/1982,37,Informational,Announces Airborne 343 Test Box & Troubleshooting Procedures,
SE82-20,Pilot's Operating Handbook & Checklist Revisions,05/14/1982,04,Mandatory,Miscellaneous Changes,
SE81-43,Auxiliary Fuel Pump Cooling,11/02/1981,28,See Publication,Additional Cooling Using Shroud And Ram Air Ducting,
SE81-18,Nose Gear Tunnel Access Hole Plug Button,04/27/1981,32,See Publication,One-time Inspection To Ensure Plug Button Installed & Sealed,
SE80-84,Improved Baggage Door Lock Cam,09/22/1980,52,See Publication,Provides Improved Fastening And Strength,
SE79-27R1,R182 Governor Flyweight Assembly Replacement,07/28/1980,61,See Publication,McCAULEY SERVICE BULLETIN 134A ATTACHED,
SE79-48R1S1,Magneto Housing Inspect. & Coil Retention (D2000),06/30/1980,74,See Publication,Credit Program Dates Established,
SE80-17,Hydraulic Motor Brushes,02/04/1980,29,See Publication,Provide Increased Motor Service Life,
SE80-04,24 Volt Batteries,01/21/1980,24,See Publication,Proper Charging And Servicing Of 24-volt Lead Acid Batteries,
SE79-08,Operation Blue Ribbon - Use of TCP as Fuel Add,03/19/1979,28,See Publication,Lycoming Service Letter No. 190 Attached,
SE78-40,Fuel Vent Tube Position,06/19/1978,28,See Publication,Inspect To Ensure Correct Position Of Vent Tube,
SEL-74-04,Ignition - Transmittal of Continental Motors Ser,11/14/2016,74,Informational,Ignition - Transmittal of Continental Motors Service Bulletin SB15-5 and Lycoming Service Letter No. L264A,
SEL-05-01-R01,Continuing Airworthiness Program Structural Inspe,11/14/2012,,Informational,Continuing Airworthiness Program Structural Inspections Supersedure,
SEB-27-01-R02,Control Column Internal Glide Attach Screw Instal,04/20/2012,,Mandatory,Control Column Internal Glide Attach Screw Installation,
SNL07-9,Maintaining Current Service and Operational Info.,04/16/2007,,Informational,The purpose of this Service Newsletter is to inform Cessna Customers of the various options available to assist them in maintaining the currency of publications utilized for maintenance and operation of Cessna Propeller airplanes.,
SEB07-3,Main Landing Gear Actuator Hydraulic Line Inspec.,04/16/2007,32,Recommended,A report was received of attach screws being installed incorrectly on the main landing gear (MLG) actuator access panel.  The incorrectly installed attach screws caused wear and damage to a MLG hydraulic actuator line located under the access panel.  This Service bulletin provides an inspection of the access panel attach screws and the hydraulic lines.  Non-compliance with this Service Bulletin could result in possible damage to the MLG hydraulic actuator lines and the potential to loose hydraulic pressure to the MLG actuator.,
SNL06-18,FAA-Approved Deicing Updates - Winter 2006/07,12/26/2006,,Informational,This Service Newsletter provides notification that Federal Aviation Administration (FAA) Notice Number N 8000.329: FAA - Approved Deicing Program Updates, Winter 2006 - 2007 has been issued.
,
SNL05-4,FAA - Approved Deicing Program Update,03/14/2005,30,Informational,To announce FAA Flight Standards Information Bulletin FSAT 04-05: FAA - Approved Deicing Prgram Updated, Winter 2004 - 2005.,
SNL05-2,Handling of Airplane Gryo Instruments,01/31/2005,34,Informational,Maintenance Practices - Handling of Airplane Gryo Instruments.,
SEB01-2R1,SEB01-2 Rev.1, Main Landing Gear Actuator Inspect,09/17/2001,32,Mandatory,Inspection is required of the main landing gear actuators for the presence of cracks.  Cracked actuators and actuator bodies shall be replaced.,
AQK182-014,Firewall Forward Engine Hose Kit,05/05/2000,,Not Applicable,Firewall Forward Engine Hose Kit (for aircraft without SK182-67),
SEB99-16R1,Vacuum System Manifold Check Valve Inspection,04/24/2000,37,Mandatory,To Provide Inspection For Vacuum System,
SNL97-03,New Cessna Service Station Directory,04/18/1997,98,Informational,Announces P/N D7540-13 Directory (Dated January 1997),
SNL96-03,New Cessna Service Station Directory,08/09/1996,98,Informational,Announces P/N D7494-13 Directory (Dated May 1996),
AQK182-015,Firewall Forward Engine Hose Kit,05/22/1996,,Not Applicable,Firewall Forward Engine Hose Kit ,
SNL95-04,New Cessna Service Station Directory,07/14/1995,98,Informational,Announces P/N D7479-13 Directory (Dated March 1995),
SEB93-16R1,Prop Gov Flyweight Assy & Pilot Spool End Fitting,12/16/1994,61,Mandatory,Reference Mccauley Alert Service Bulletin 214,
SNL93-06,Maintenance Practices For Pressure Cylinders,09/17/1993,20,Informational,FAA Order 8000.40C On Maintenance Of Pressure Cylinders,
SEB93-12,Crankshaft Gear Mod & Assembly Procedures,07/30/1993,72,Mandatory,Transmit Textron Lycoming Mandatory Service Bulletin 475B,
SNL92-01,Cessna Customer Care Supplies And Pubs Catalog,01/17/1992,98,Informational,1992 Cessna Customer Care Supplies And Publications Catalog,
SE83-19R1,95 Amp Alternator Fan And Pulley Replacement,12/02/1983,24,Mandatory,Extends Credit Expiration Dates Stated In SE83-19,
SE83-25,Main Gear Downlock Switch Improvement,09/09/1983,32,See Publication,Permits Relocation Of Switch For Improved Reliability/life,
SE83-06,Seat Rail Inspection Guidelines - (AD87-20-03R1),03/11/1983,25,Recommended,All S.E. Models Using Extruded Beam Type Seat Rails,
SE82-15,Prop Governor Control Routing,04/16/1982,76,See Publication,Provides More Direct Routing Of Prop Control,
NL81-05,Goodyear Tire/Wheel Balancer,06/05/1981,32,Informational,Brochure Describes New Goodyear Tire/wheel Balancer,
SE80-90,Pilot's Operating Handbook And Checklist Changes,11/03/1980,04,See Publication,Revisions Concerning Fuel Pressure Gauge Indications,
SE80-82,Improved Throttle Control Cable Routing,09/02/1980,76,See Publication,Addition Of Two Clamps,
NL80-09,Volcanic Ash Hazard (FAA Advisory Circular),06/06/1980,98,Informational,AC No. 43-16 'Volcanic Ash Hazard',
SE80-13,TR182 Throttle Arm Bracket,02/04/1980,76,See Publication,Improved Single-piece Throttle Arm,
SE80-5,Nosecap Reinforcement,01/21/1980,54,See Publication,Reduced Vibration Transmission And Improved Cabin Comfort,
SE79-63,Starter Contactors,12/17/1979,24,See Publication,Heavy Duty Contactor Uses Cadmium Oxide Coated Points,
SE78-67R1,Oil Quick Drain Valve,09/04/1979,79,See Publication,Clarifies Valve Usage And Applicable Airplanes,
SE79-18,Turbo Skylane RG Throttle Improvement,04/16/1979,76,See Publication,New Bracket Provides Smoother Throttle Operation,
SE78-11,Elevator Control Travel,03/03/1978,27,See Publication,Check Elevator Up Travel And Correct If Required,
SE78-08,Nose Gear Door Inspection,02/13/1978,32,See Publication,Check For Interference With Cowl And Trim Door As Required,
